{"cameraMode":{"drawMode":0,"name":"Shaded","section":"Shading Mode"},"sceneLighting":false,"audioPlay":false,"sceneViewState":{"showFog":true,"showMaterialUpdate":true,"showSkybox":true,"showFlares":true,"showImageEffects":true,"showParticleSystems":true},"in2DMode":false,"pivot":{"x":-1.37890625,"y":-0.626953125,"z":-0.80657958984375},"rotation":{"x":0.1730501800775528,"y":-0.25217142701148989,"z":0.045885708183050159,"w":0.9509826302528381},"size":5.035277366638184,"orthographic":true}