{"cameraMode":{"drawMode":0,"name":"Shaded","section":"Shading Mode"},"sceneLighting":false,"audioPlay":false,"sceneViewState":{"showFog":true,"showMaterialUpdate":true,"showSkybox":true,"showFlares":true,"showImageEffects":true,"showParticleSystems":true},"in2DMode":false,"pivot":{"x":-1.3734239339828492,"y":2.9589693546295168,"z":2.0595836639404299},"rotation":{"x":-0.3428400754928589,"y":-0.02817617543041706,"z":-0.010289469733834267,"w":0.9389162659645081},"size":2.362457752227783,"orthographic":false}