{"cameraMode":{"drawMode":0,"name":"Shaded","section":"Shading Mode"},"sceneLighting":false,"audioPlay":false,"sceneViewState":{"showFog":true,"showMaterialUpdate":true,"showSkybox":true,"showFlares":true,"showImageEffects":true,"showParticleSystems":true},"in2DMode":false,"pivot":{"x":-2.0444655418395998,"y":4.2732672691345219,"z":-1.555692434310913},"rotation":{"x":0.3866419792175293,"y":0.27229058742523196,"z":-0.12061935663223267,"w":0.8728218078613281},"size":5.105943202972412,"orthographic":false}