{"cameraMode":{"drawMode":0,"name":"Shaded","section":"Shading Mode"},"sceneLighting":false,"audioPlay":false,"sceneViewState":{"showFog":true,"showMaterialUpdate":true,"showSkybox":true,"showFlares":true,"showImageEffects":true,"showParticleSystems":true},"in2DMode":false,"pivot":{"x":-3.270604133605957,"y":-4.583762168884277,"z":6.17612361907959},"rotation":{"x":-0.2937001883983612,"y":0.33865994215011599,"z":-0.1121685579419136,"w":-0.8868477940559387},"size":25.317468643188478,"orthographic":false}