{"cameraMode":{"drawMode":0,"name":"Shaded","section":"Shading Mode"},"sceneLighting":false,"audioPlay":false,"sceneViewState":{"showFog":true,"showMaterialUpdate":true,"showSkybox":true,"showFlares":true,"showImageEffects":true,"showParticleSystems":true},"in2DMode":false,"pivot":{"x":0.3740234375,"y":1.0634765625,"z":-0.3792572021484375},"rotation":{"x":-0.3896995484828949,"y":0.20211148262023927,"z":-0.08808411657810211,"w":-0.894173800945282},"size":8.324468612670899,"orthographic":true}