{"cameraMode":{"drawMode":0,"name":"Shaded","section":"Shading Mode"},"sceneLighting":false,"audioPlay":false,"sceneViewState":{"showFog":true,"showMaterialUpdate":true,"showSkybox":true,"showFlares":true,"showImageEffects":true,"showParticleSystems":true},"in2DMode":false,"pivot":{"x":0.022541195154190065,"y":2.79003643989563,"z":-2.516436815261841},"rotation":{"x":-0.0024879572447389366,"y":0.9970446228981018,"z":0.0674029216170311,"w":0.03680545091629028},"size":3.368562698364258,"orthographic":false}