{"cameraMode":{"drawMode":0,"name":"Shaded","section":"Shading Mode"},"sceneLighting":false,"audioPlay":false,"sceneViewState":{"showFog":true,"showMaterialUpdate":true,"showSkybox":true,"showFlares":true,"showImageEffects":true,"showParticleSystems":true},"in2DMode":false,"pivot":{"x":-21.149728775024415,"y":-6.523784160614014,"z":-13.239580154418946},"rotation":{"x":-0.08238840103149414,"y":0.8685019612312317,"z":-0.154287189245224,"w":-0.46382254362106326},"size":35.35469055175781,"orthographic":false}