{"cameraMode":{"drawMode":0,"name":"Shaded","section":"Shading Mode"},"sceneLighting":false,"audioPlay":false,"sceneViewState":{"showFog":true,"showMaterialUpdate":true,"showSkybox":true,"showFlares":true,"showImageEffects":true,"showParticleSystems":true},"in2DMode":false,"pivot":{"x":15.3505859375,"y":2.51123046875,"z":-16.89501953125},"rotation":{"x":0.1247890442609787,"y":-0.37122467160224917,"z":0.05042153224349022,"w":0.9187392592430115},"size":6.643421173095703,"orthographic":true}