{"cameraMode":{"drawMode":0,"name":"Shaded","section":"Shading Mode"},"sceneLighting":false,"audioPlay":false,"sceneViewState":{"showFog":true,"showMaterialUpdate":true,"showSkybox":true,"showFlares":true,"showImageEffects":true,"showParticleSystems":true},"in2DMode":false,"pivot":{"x":3.6348183155059816,"y":1.6268525123596192,"z":-3.9127602577209474},"rotation":{"x":0.027828296646475793,"y":0.8931528925895691,"z":-0.05580461770296097,"w":0.44542035460472109},"size":9.505988121032715,"orthographic":false}