{"cameraMode":{"drawMode":0,"name":"Shaded","section":"Shading Mode"},"sceneLighting":false,"audioPlay":false,"sceneViewState":{"showFog":true,"showMaterialUpdate":true,"showSkybox":true,"showFlares":true,"showImageEffects":true,"showParticleSystems":true},"in2DMode":false,"pivot":{"x":-11.49085807800293,"y":-2.743778944015503,"z":-2.2220120429992677},"rotation":{"x":-0.12353085726499558,"y":0.7366359829902649,"z":-0.1400015503168106,"w":-0.6500182151794434},"size":15.635031700134278,"orthographic":false}