{"cameraMode":{"drawMode":0,"name":"Shaded","section":"Shading Mode"},"sceneLighting":false,"audioPlay":false,"sceneViewState":{"showFog":true,"showMaterialUpdate":true,"showSkybox":true,"showFlares":true,"showImageEffects":true,"showParticleSystems":true},"in2DMode":false,"pivot":{"x":-2.532362937927246,"y":-0.2964975833892822,"z":1.1147291660308838},"rotation":{"x":0.11404591053724289,"y":-0.7323587536811829,"z":0.1267108917236328,"w":0.6592613458633423},"size":7.919306755065918,"orthographic":false}