{"cameraMode":{"drawMode":0,"name":"Shaded","section":"Shading Mode"},"sceneLighting":false,"audioPlay":false,"sceneViewState":{"showFog":true,"showMaterialUpdate":true,"showSkybox":true,"showFlares":true,"showImageEffects":true,"showParticleSystems":true},"in2DMode":false,"pivot":{"x":0.8819056749343872,"y":2.3667654991149904,"z":-0.9585386514663696},"rotation":{"x":-0.011843416839838028,"y":0.9183356165885925,"z":0.02755838632583618,"w":0.3946664035320282},"size":3.668562650680542,"orthographic":false}