{"cameraMode":{"drawMode":0,"name":"Shaded","section":"Shading Mode"},"sceneLighting":false,"audioPlay":false,"sceneViewState":{"showFog":true,"showMaterialUpdate":true,"showSkybox":true,"showFlares":true,"showImageEffects":true,"showParticleSystems":true},"in2DMode":false,"pivot":{"x":-1.9346671104431153,"y":3.1494503021240236,"z":0.12028884887695313},"rotation":{"x":0.18563932180404664,"y":0.5438095927238464,"z":0.12480798363685608,"w":-0.8088518977165222},"size":7.739826679229736,"orthographic":false}