{"cameraMode":{"drawMode":0,"name":"Shaded","section":"Shading Mode"},"sceneLighting":false,"audioPlay":false,"sceneViewState":{"showFog":true,"showMaterialUpdate":true,"showSkybox":true,"showFlares":true,"showImageEffects":true,"showParticleSystems":true},"in2DMode":false,"pivot":{"x":0.07570993900299072,"y":-0.975308895111084,"z":2.201634407043457},"rotation":{"x":0.3842166066169739,"y":0.043190594762563708,"z":-0.018004031851887704,"w":0.9220718145370483},"size":9.473159790039063,"orthographic":false}