{"cameraMode":{"drawMode":0,"name":"Shaded","section":"Shading Mode"},"sceneLighting":false,"audioPlay":false,"sceneViewState":{"showFog":true,"showMaterialUpdate":true,"showSkybox":true,"showFlares":true,"showImageEffects":true,"showParticleSystems":true},"in2DMode":false,"pivot":{"x":-1.1621427536010743,"y":-2.267340660095215,"z":-3.653792381286621},"rotation":{"x":-0.1782546192407608,"y":0.780648946762085,"z":-0.25724244117736819,"w":-0.540993332862854},"size":13.445362091064454,"orthographic":false}