{"cameraMode":{"drawMode":0,"name":"Shaded","section":"Shading Mode"},"sceneLighting":false,"audioPlay":false,"sceneViewState":{"showFog":true,"showMaterialUpdate":true,"showSkybox":true,"showFlares":true,"showImageEffects":true,"showParticleSystems":true},"in2DMode":false,"pivot":{"x":-4.124623775482178,"y":-1.3123137950897217,"z":-0.3637663722038269},"rotation":{"x":0.1934501677751541,"y":-0.6679461598396301,"z":0.1861661821603775,"w":0.6941127777099609},"size":6.111144542694092,"orthographic":false}