{"cameraMode":{"drawMode":0,"name":"Shaded","section":"Shading Mode"},"sceneLighting":true,"audioPlay":false,"sceneViewState":{"showFog":true,"showMaterialUpdate":true,"showSkybox":true,"showFlares":true,"showImageEffects":true,"showParticleSystems":true},"in2DMode":false,"pivot":{"x":-1.3321592807769776,"y":0.506522536277771,"z":1.5790753364562989},"rotation":{"x":-0.07782118767499924,"y":0.5475412011146545,"z":-0.05123841390013695,"w":-0.8315770626068115},"size":4.262339115142822,"orthographic":false}