{"cameraMode":{"drawMode":0,"name":"Shaded","section":"Shading Mode"},"sceneLighting":true,"audioPlay":false,"sceneViewState":{"showFog":true,"showMaterialUpdate":true,"showSkybox":true,"showFlares":true,"showImageEffects":true,"showParticleSystems":true},"in2DMode":false,"pivot":{"x":72.97247314453125,"y":2.2390854358673097,"z":7.717985153198242},"rotation":{"x":0.18599054217338563,"y":-0.42427846789360049,"z":0.08949987590312958,"w":0.881696343421936},"size":9.896096229553223,"orthographic":false}