{"cameraMode":{"drawMode":0,"name":"Shaded","section":"Shading Mode"},"sceneLighting":false,"audioPlay":false,"sceneViewState":{"showFog":true,"showMaterialUpdate":true,"showSkybox":true,"showFlares":true,"showImageEffects":true,"showParticleSystems":true},"in2DMode":false,"pivot":{"x":0.7418110370635986,"y":3.2419967651367189,"z":0.5258045196533203},"rotation":{"x":-0.0607125498354435,"y":0.8697956204414368,"z":0.11070988327264786,"w":0.4769936203956604},"size":4.666907787322998,"orthographic":false}