{"cameraMode":{"drawMode":0,"name":"Shaded","section":"Shading Mode"},"sceneLighting":false,"audioPlay":false,"sceneViewState":{"showFog":true,"showMaterialUpdate":true,"showSkybox":true,"showFlares":true,"showImageEffects":true,"showParticleSystems":true},"in2DMode":false,"pivot":{"x":-1.40214204788208,"y":1.5496352910995484,"z":0.0016318559646606446},"rotation":{"x":0.0621916837990284,"y":0.8428970575332642,"z":-0.09984022378921509,"w":0.5250694155693054},"size":3.07073974609375,"orthographic":false}