{"cameraMode":{"drawMode":0,"name":"Shaded","section":"Shading Mode"},"sceneLighting":false,"audioPlay":false,"sceneViewState":{"showFog":true,"showMaterialUpdate":true,"showSkybox":true,"showFlares":true,"showImageEffects":true,"showParticleSystems":true},"in2DMode":false,"pivot":{"x":-1.0,"y":1.1999998092651368,"z":-1.0506099462509156},"rotation":{"x":-0.13820034265518189,"y":0.3761916160583496,"z":-0.056855715811252597,"w":-0.9144147038459778},"size":6.260481834411621,"orthographic":true}