{"cameraMode":{"drawMode":0,"name":"Shaded","section":"Shading Mode"},"sceneLighting":false,"audioPlay":false,"sceneViewState":{"showFog":true,"showMaterialUpdate":true,"showSkybox":true,"showFlares":true,"showImageEffects":true,"showParticleSystems":true},"in2DMode":false,"pivot":{"x":-2.8902363777160646,"y":3.563516616821289,"z":2.7516489028930666},"rotation":{"x":0.12158732116222382,"y":0.4331226348876953,"z":0.059093523770570758,"w":-0.8911454677581787},"size":6.002701759338379,"orthographic":false}