{"cameraMode":{"drawMode":0,"name":"Shaded","section":"Shading Mode"},"sceneLighting":false,"audioPlay":false,"sceneViewState":{"showFog":true,"showMaterialUpdate":true,"showSkybox":true,"showFlares":true,"showImageEffects":true,"showParticleSystems":true},"in2DMode":false,"pivot":{"x":1.8230738639831544,"y":-0.08715295791625977,"z":-0.8182438611984253},"rotation":{"x":0.27859073877334597,"y":0.6153779625892639,"z":-0.24672722816467286,"w":0.6948635578155518},"size":8.178254127502442,"orthographic":false}