{"cameraMode":{"drawMode":0,"name":"Shaded","section":"Shading Mode"},"sceneLighting":false,"audioPlay":false,"sceneViewState":{"showFog":true,"showMaterialUpdate":true,"showSkybox":true,"showFlares":true,"showImageEffects":true,"showParticleSystems":true},"in2DMode":false,"pivot":{"x":0.6879352331161499,"y":-7.460269927978516,"z":8.36760139465332},"rotation":{"x":-0.3841983377933502,"y":-0.044032204896211627,"z":0.0183392483741045,"w":-0.9220268726348877},"size":18.43071174621582,"orthographic":false}