{"cameraMode":{"drawMode":0,"name":"Shaded","section":"Shading Mode"},"sceneLighting":false,"audioPlay":false,"sceneViewState":{"showFog":true,"showMaterialUpdate":true,"showSkybox":true,"showFlares":true,"showImageEffects":true,"showParticleSystems":true},"in2DMode":false,"pivot":{"x":0.21912848949432374,"y":2.778275489807129,"z":-0.7317668199539185},"rotation":{"x":-0.06217866390943527,"y":0.9298964738845825,"z":0.1856953501701355,"w":0.3113728165626526},"size":2.4707412719726564,"orthographic":false}