{"cameraMode":{"drawMode":0,"name":"Shaded","section":"Shading Mode"},"sceneLighting":false,"audioPlay":false,"sceneViewState":{"showFog":true,"showMaterialUpdate":true,"showSkybox":true,"showFlares":true,"showImageEffects":true,"showParticleSystems":true},"in2DMode":false,"pivot":{"x":-8.448763847351075,"y":5.568124771118164,"z":-2.183408498764038},"rotation":{"x":-0.10435591638088227,"y":-0.7702770829200745,"z":-0.13065162301063538,"w":0.6154080033302307},"size":11.39384937286377,"orthographic":false}