{"cameraMode":{"drawMode":0,"name":"Shaded","section":"Shading Mode"},"sceneLighting":false,"audioPlay":false,"sceneViewState":{"showFog":true,"showMaterialUpdate":true,"showSkybox":true,"showFlares":true,"showImageEffects":true,"showParticleSystems":true},"in2DMode":false,"pivot":{"x":-0.5816531181335449,"y":-1.4821510314941407,"z":1.3853850364685059},"rotation":{"x":-0.3237048387527466,"y":0.20247505605220796,"z":-0.07112914323806763,"w":-0.9215185046195984},"size":11.254288673400879,"orthographic":false}