{"cameraMode":{"drawMode":0,"name":"Shaded","section":"Shading Mode"},"sceneLighting":false,"audioPlay":false,"sceneViewState":{"showFog":true,"showMaterialUpdate":true,"showSkybox":true,"showFlares":true,"showImageEffects":true,"showParticleSystems":true},"in2DMode":false,"pivot":{"x":-0.3584909439086914,"y":0.9441156387329102,"z":-0.6523880958557129},"rotation":{"x":-0.19146063923835755,"y":0.4294518232345581,"z":-0.09371332079172135,"w":-0.8775899410247803},"size":11.276715278625489,"orthographic":false}