{"cameraMode":{"drawMode":0,"name":"Shaded","section":"Shading Mode"},"sceneLighting":false,"audioPlay":false,"sceneViewState":{"showFog":true,"showMaterialUpdate":true,"showSkybox":true,"showFlares":true,"showImageEffects":true,"showParticleSystems":true},"in2DMode":false,"pivot":{"x":-21.84811782836914,"y":-5.636028289794922,"z":-13.458220481872559},"rotation":{"x":-0.2688766121864319,"y":-0.46059277653694155,"z":0.14871300756931306,"w":-0.8327527642250061},"size":16.442760467529298,"orthographic":false}