{"cameraMode":{"drawMode":0,"name":"Shaded","section":"Shading Mode"},"sceneLighting":false,"audioPlay":false,"sceneViewState":{"showFog":true,"showMaterialUpdate":true,"showSkybox":true,"showFlares":true,"showImageEffects":true,"showParticleSystems":true},"in2DMode":false,"pivot":{"x":-21.092670440673829,"y":1.2983603477478028,"z":-15.847739219665528},"rotation":{"x":-0.0731733962893486,"y":0.39577341079711916,"z":-0.031650982797145846,"w":-0.9148877859115601},"size":3.4298441410064699,"orthographic":false}