{"cameraMode":{"drawMode":0,"name":"Shaded","section":"Shading Mode"},"sceneLighting":true,"audioPlay":false,"sceneViewState":{"showFog":true,"showMaterialUpdate":true,"showSkybox":true,"showFlares":true,"showImageEffects":true,"showParticleSystems":true},"in2DMode":false,"pivot":{"x":29.65631103515625,"y":-2.4572672843933107,"z":8.377126693725586},"rotation":{"x":-0.19514568150043488,"y":-0.2679884731769562,"z":0.05552876740694046,"w":-0.9418210387229919},"size":19.045473098754884,"orthographic":false}