{"cameraMode":{"drawMode":0,"name":"Shaded","section":"Shading Mode"},"sceneLighting":false,"audioPlay":false,"sceneViewState":{"showFog":true,"showMaterialUpdate":true,"showSkybox":true,"showFlares":true,"showImageEffects":true,"showParticleSystems":true},"in2DMode":false,"pivot":{"x":38.06803512573242,"y":-4.730218887329102,"z":-12.653541564941407},"rotation":{"x":-0.020451173186302186,"y":-0.9559281468391419,"z":0.28474074602127077,"w":-0.06866195052862168},"size":40.01594543457031,"orthographic":false}