{"cameraMode":{"drawMode":0,"name":"Shaded","section":"Shading Mode"},"sceneLighting":false,"audioPlay":false,"sceneViewState":{"showFog":true,"showMaterialUpdate":true,"showSkybox":true,"showFlares":true,"showImageEffects":true,"showParticleSystems":true},"in2DMode":false,"pivot":{"x":50.7050666809082,"y":5.120909690856934,"z":7.546356201171875},"rotation":{"x":-0.011169958859682083,"y":0.9688801169395447,"z":-0.243271142244339,"w":-0.044491373002529147},"size":7.44939661026001,"orthographic":false}