{"cameraMode":{"drawMode":0,"name":"Shaded","section":"Shading Mode"},"sceneLighting":false,"audioPlay":false,"sceneViewState":{"showFog":true,"showMaterialUpdate":true,"showSkybox":true,"showFlares":true,"showImageEffects":true,"showParticleSystems":true},"in2DMode":false,"pivot":{"x":1009.699951171875,"y":540.0,"z":-139.42449951171876},"rotation":{"x":-0.06975151598453522,"y":0.373833566904068,"z":-0.02820650115609169,"w":-0.9244421124458313},"size":3162.619873046875,"orthographic":false}