{"cameraMode":{"drawMode":0,"name":"Shaded","section":"Shading Mode"},"sceneLighting":true,"audioPlay":false,"sceneViewState":{"showFog":true,"showMaterialUpdate":true,"showSkybox":true,"showFlares":true,"showImageEffects":true,"showParticleSystems":true},"in2DMode":false,"pivot":{"x":1.6724176406860352,"y":2.7457261085510256,"z":-14.578042984008789},"rotation":{"x":0.10064785182476044,"y":-0.8749456405639648,"z":0.2066154181957245,"w":0.42620906233787539},"size":6.793819427490234,"orthographic":false}