{"cameraMode":{"drawMode":0,"name":"Shaded","section":"Shading Mode"},"sceneLighting":true,"audioPlay":false,"sceneViewState":{"showFog":true,"showMaterialUpdate":true,"showSkybox":true,"showFlares":true,"showImageEffects":true,"showParticleSystems":true},"in2DMode":false,"pivot":{"x":2.4620094299316408,"y":2.136406183242798,"z":-4.991058349609375},"rotation":{"x":-0.017794135957956315,"y":0.9439519643783569,"z":0.05159219726920128,"w":0.3255554437637329},"size":9.505988121032715,"orthographic":false}