{"cameraMode":{"drawMode":0,"name":"Shaded","section":"Shading Mode"},"sceneLighting":false,"audioPlay":false,"sceneViewState":{"showFog":true,"showMaterialUpdate":true,"showSkybox":true,"showFlares":true,"showImageEffects":true,"showParticleSystems":true},"in2DMode":false,"pivot":{"x":-3.182560682296753,"y":-0.9220058917999268,"z":-2.988823890686035},"rotation":{"x":0.08742286264896393,"y":-0.8952783346176148,"z":0.2020823359489441,"w":0.3873032033443451},"size":7.87257194519043,"orthographic":false}