{"cameraMode":{"drawMode":0,"name":"Shaded","section":"Shading Mode"},"sceneLighting":false,"audioPlay":false,"sceneViewState":{"showFog":true,"showMaterialUpdate":true,"showSkybox":true,"showFlares":true,"showImageEffects":true,"showParticleSystems":true},"in2DMode":false,"pivot":{"x":1.7724463939666749,"y":2.0525500774383547,"z":-1.2061247825622559},"rotation":{"x":-0.02669360674917698,"y":0.9010410904884338,"z":0.056028228253126147,"w":0.4292806386947632},"size":5.265707969665527,"orthographic":false}