{"cameraMode":{"drawMode":0,"name":"Shaded","section":"Shading Mode"},"sceneLighting":false,"audioPlay":false,"sceneViewState":{"showFog":true,"showMaterialUpdate":true,"showSkybox":true,"showFlares":true,"showImageEffects":true,"showParticleSystems":true},"in2DMode":false,"pivot":{"x":-0.016250163316726686,"y":1.5,"z":0.016249388456344606},"rotation":{"x":0.3171484172344208,"y":0.4624427258968353,"z":0.18155749142169953,"w":-0.8078471422195435},"size":5.6639251708984379,"orthographic":false}