{"cameraMode":{"drawMode":0,"name":"Shaded","section":"Shading Mode"},"sceneLighting":false,"audioPlay":false,"sceneViewState":{"showFog":true,"showMaterialUpdate":true,"showSkybox":true,"showFlares":true,"showImageEffects":true,"showParticleSystems":true},"in2DMode":false,"pivot":{"x":5.602243900299072,"y":-0.49815940856933596,"z":-2.3497915267944338},"rotation":{"x":0.11786580085754395,"y":0.5785977840423584,"z":-0.0849626436829567,"w":0.8025890588760376},"size":12.604387283325196,"orthographic":false}