{"cameraMode":{"drawMode":0,"name":"Shaded","section":"Shading Mode"},"sceneLighting":false,"audioPlay":false,"sceneViewState":{"showFog":true,"showMaterialUpdate":true,"showSkybox":true,"showFlares":true,"showImageEffects":true,"showParticleSystems":true},"in2DMode":false,"pivot":{"x":0.9121322631835938,"y":2.1812658309936525,"z":-0.4053981304168701},"rotation":{"x":-0.05733330175280571,"y":0.8391627073287964,"z":0.09022209793329239,"w":0.5332837700843811},"size":6.462158203125,"orthographic":false}