{"cameraMode":{"drawMode":0,"name":"Shaded","section":"Shading Mode"},"sceneLighting":false,"audioPlay":false,"sceneViewState":{"showFog":true,"showMaterialUpdate":true,"showSkybox":true,"showFlares":true,"showImageEffects":true,"showParticleSystems":true},"in2DMode":false,"pivot":{"x":-0.01505422592163086,"y":2.1476659774780275,"z":-0.09320497512817383},"rotation":{"x":-0.0031830843072384598,"y":-0.27656736969947817,"z":0.0009069164516404271,"w":-0.9610061049461365},"size":6.518564224243164,"orthographic":false}