{"cameraMode":{"drawMode":0,"name":"Shaded","section":"Shading Mode"},"sceneLighting":false,"audioPlay":false,"sceneViewState":{"showFog":true,"showMaterialUpdate":true,"showSkybox":true,"showFlares":true,"showImageEffects":true,"showParticleSystems":true},"in2DMode":false,"pivot":{"x":-0.2450394630432129,"y":2.6419448852539064,"z":0.46565961837768557},"rotation":{"x":0.3171484172344208,"y":0.4624427258968353,"z":0.18155749142169953,"w":-0.8078471422195435},"size":0.7138649821281433,"orthographic":false}