{"cameraMode":{"drawMode":0,"name":"Shaded","section":"Shading Mode"},"sceneLighting":true,"audioPlay":false,"sceneViewState":{"showFog":true,"showMaterialUpdate":true,"showSkybox":true,"showFlares":true,"showImageEffects":true,"showParticleSystems":true},"in2DMode":false,"pivot":{"x":572.6754760742188,"y":523.7600708007813,"z":-58.0462646484375},"rotation":{"x":0.02368779666721821,"y":0.006281865760684013,"z":0.0001507474371464923,"w":-0.9997044205665588},"size":848.1341552734375,"orthographic":false}