{"cameraMode":{"drawMode":0,"name":"Shaded","section":"Shading Mode"},"sceneLighting":false,"audioPlay":false,"sceneViewState":{"showFog":true,"showMaterialUpdate":true,"showSkybox":true,"showFlares":true,"showImageEffects":true,"showParticleSystems":true},"in2DMode":false,"pivot":{"x":-1.3755457401275635,"y":0.5045413970947266,"z":1.4387032985687256},"rotation":{"x":0.1940731555223465,"y":-0.3402547240257263,"z":0.07198993116617203,"w":0.9172810316085815},"size":7.280936241149902,"orthographic":false}