{"cameraMode":{"drawMode":0,"name":"Shaded","section":"Shading Mode"},"sceneLighting":true,"audioPlay":false,"sceneViewState":{"showFog":true,"showMaterialUpdate":true,"showSkybox":true,"showFlares":true,"showImageEffects":true,"showParticleSystems":true},"in2DMode":false,"pivot":{"x":-0.2664675712585449,"y":3.1691198348999025,"z":-3.0871758460998537},"rotation":{"x":-0.022738764062523843,"y":-0.07761812955141068,"z":0.0017727199010550976,"w":-0.9967269897460938},"size":7.89686918258667,"orthographic":false}