{"cameraMode":{"drawMode":0,"name":"Shaded","section":"Shading Mode"},"sceneLighting":false,"audioPlay":false,"sceneViewState":{"showFog":true,"showMaterialUpdate":true,"showSkybox":true,"showFlares":true,"showImageEffects":true,"showParticleSystems":true},"in2DMode":false,"pivot":{"x":34.156612396240237,"y":-3.1924803256988527,"z":9.884479522705079},"rotation":{"x":0.15681055188179017,"y":-0.022219877690076829,"z":0.0035293488763272764,"w":0.98737633228302},"size":102.95880889892578,"orthographic":true}