{"cameraMode":{"drawMode":0,"name":"Shaded","section":"Shading Mode"},"sceneLighting":false,"audioPlay":false,"sceneViewState":{"showFog":true,"showMaterialUpdate":true,"showSkybox":true,"showFlares":true,"showImageEffects":true,"showParticleSystems":true},"in2DMode":false,"pivot":{"x":0.0017647743225097657,"y":1.1999998092651368,"z":-0.0000030994415283203127},"rotation":{"x":-0.24387939274311067,"y":0.30381783843040469,"z":-0.08075296133756638,"w":-0.9174593687057495},"size":7.708544731140137,"orthographic":false}