{"cameraMode":{"drawMode":0,"name":"Shaded","section":"Shading Mode"},"sceneLighting":false,"audioPlay":false,"sceneViewState":{"showFog":true,"showMaterialUpdate":true,"showSkybox":true,"showFlares":true,"showImageEffects":true,"showParticleSystems":true},"in2DMode":false,"pivot":{"x":-0.06778097152709961,"y":-1.4721918106079102,"z":2.2409024238586427},"rotation":{"x":0.2533770799636841,"y":-0.36800721287727358,"z":0.10495255142450333,"w":0.8884701132774353},"size":11.515909194946289,"orthographic":false}