{"cameraMode":{"drawMode":0,"name":"Shaded","section":"Shading Mode"},"sceneLighting":true,"audioPlay":false,"sceneViewState":{"showFog":true,"showMaterialUpdate":true,"showSkybox":true,"showFlares":true,"showImageEffects":true,"showParticleSystems":true},"in2DMode":false,"pivot":{"x":99.04342651367188,"y":-7.066701889038086,"z":13.350948333740235},"rotation":{"x":-0.30931806564331057,"y":0.17857253551483155,"z":-0.059273913502693179,"w":-0.9321655035018921},"size":28.791824340820314,"orthographic":false}