{"cameraMode":{"drawMode":0,"name":"Shaded","section":"Shading Mode"},"sceneLighting":false,"audioPlay":false,"sceneViewState":{"showFog":true,"showMaterialUpdate":true,"showSkybox":true,"showFlares":true,"showImageEffects":true,"showParticleSystems":true},"in2DMode":false,"pivot":{"x":-2.102116107940674,"y":1.3672373294830323,"z":1.6115055084228516},"rotation":{"x":-0.07478921860456467,"y":0.48663097620010378,"z":-0.041855696588754657,"w":-0.8694000244140625},"size":7.81864070892334,"orthographic":false}