{"cameraMode":{"drawMode":0,"name":"Shaded","section":"Shading Mode"},"sceneLighting":false,"audioPlay":false,"sceneViewState":{"showFog":true,"showMaterialUpdate":true,"showSkybox":true,"showFlares":true,"showImageEffects":true,"showParticleSystems":true},"in2DMode":false,"pivot":{"x":6.712170124053955,"y":1.9000000953674317,"z":-0.26999998092651369},"rotation":{"x":0.07290556281805039,"y":0.8237195611000061,"z":-0.10886383056640625,"w":0.5516600608825684},"size":9.303109169006348,"orthographic":false}