{"cameraMode":{"drawMode":0,"name":"Shaded","section":"Shading Mode"},"sceneLighting":false,"audioPlay":false,"sceneViewState":{"showFog":true,"showMaterialUpdate":true,"showSkybox":true,"showFlares":true,"showImageEffects":true,"showParticleSystems":true},"in2DMode":false,"pivot":{"x":-0.07777118682861328,"y":-0.3816525936126709,"z":2.8820858001708986},"rotation":{"x":0.2147207260131836,"y":-0.15713293850421906,"z":0.03502616286277771,"w":0.9633281230926514},"size":8.65408706665039,"orthographic":false}