{"cameraMode":{"drawMode":0,"name":"Shaded","section":"Shading Mode"},"sceneLighting":false,"audioPlay":false,"sceneViewState":{"showFog":true,"showMaterialUpdate":true,"showSkybox":true,"showFlares":true,"showImageEffects":true,"showParticleSystems":true},"in2DMode":false,"pivot":{"x":-1.758256196975708,"y":1.0884286165237427,"z":3.183896064758301},"rotation":{"x":0.08921250700950623,"y":-0.25405967235565188,"z":0.023541394621133806,"w":0.9627789258956909},"size":7.5345354080200199,"orthographic":false}