{"cameraMode":{"drawMode":0,"name":"Shaded","section":"Shading Mode"},"sceneLighting":false,"audioPlay":false,"sceneViewState":{"showFog":true,"showMaterialUpdate":true,"showSkybox":true,"showFlares":true,"showImageEffects":true,"showParticleSystems":true},"in2DMode":false,"pivot":{"x":-4.855451583862305,"y":2.8101329803466799,"z":3.8133018016815187},"rotation":{"x":0.0861496850848198,"y":0.39938491582870486,"z":0.03773519769310951,"w":-0.9119529724121094},"size":9.323875427246094,"orthographic":false}