{"cameraMode":{"drawMode":0,"name":"Shaded","section":"Shading Mode"},"sceneLighting":true,"audioPlay":false,"sceneViewState":{"showFog":true,"showMaterialUpdate":true,"showSkybox":true,"showFlares":true,"showImageEffects":true,"showParticleSystems":true},"in2DMode":false,"pivot":{"x":18.579666137695314,"y":1.0100493431091309,"z":14.853605270385743},"rotation":{"x":-0.03141302242875099,"y":-0.3755505383014679,"z":0.012722519226372242,"w":-0.9261893033981323},"size":5.831739902496338,"orthographic":false}