{"cameraMode":{"drawMode":0,"name":"Shaded","section":"Shading Mode"},"sceneLighting":false,"audioPlay":false,"sceneViewState":{"showFog":true,"showMaterialUpdate":true,"showSkybox":true,"showFlares":true,"showImageEffects":true,"showParticleSystems":true},"in2DMode":false,"pivot":{"x":4.000001907348633,"y":1.1999998092651368,"z":-16.499996185302736},"rotation":{"x":0.1490594893693924,"y":0.4310789108276367,"z":-0.072445347905159,"w":0.8869637250900269},"size":14.450325965881348,"orthographic":false}