{"cameraMode":{"drawMode":0,"name":"Shaded","section":"Shading Mode"},"sceneLighting":false,"audioPlay":false,"sceneViewState":{"showFog":true,"showMaterialUpdate":true,"showSkybox":true,"showFlares":true,"showImageEffects":true,"showParticleSystems":true},"in2DMode":false,"pivot":{"x":-0.6543898582458496,"y":2.314206123352051,"z":-0.05503439903259277},"rotation":{"x":0.09091410040855408,"y":0.9059525728225708,"z":-0.2501439154148102,"w":0.32927486300468447},"size":4.579402923583984,"orthographic":false}