{"cameraMode":{"drawMode":0,"name":"Shaded","section":"Shading Mode"},"sceneLighting":false,"audioPlay":false,"sceneViewState":{"showFog":true,"showMaterialUpdate":true,"showSkybox":true,"showFlares":true,"showImageEffects":true,"showParticleSystems":true},"in2DMode":false,"pivot":{"x":1.564645528793335,"y":0.7675774097442627,"z":-2.1362600326538088},"rotation":{"x":0.05246610939502716,"y":0.9101762175559998,"z":-0.1216789186000824,"w":0.39246970415115359},"size":6.8732194900512699,"orthographic":false}