{"cameraMode":{"drawMode":0,"name":"Shaded","section":"Shading Mode"},"sceneLighting":false,"audioPlay":false,"sceneViewState":{"showFog":true,"showMaterialUpdate":true,"showSkybox":true,"showFlares":true,"showImageEffects":true,"showParticleSystems":true},"in2DMode":false,"pivot":{"x":0.203029066324234,"y":1.0431360006332398,"z":0.892578125},"rotation":{"x":0.044061269611120227,"y":0.9559229016304016,"z":-0.20824876427650453,"w":0.20224905014038087},"size":4.300604820251465,"orthographic":true}