{"cameraMode":{"drawMode":0,"name":"Shaded","section":"Shading Mode"},"sceneLighting":false,"audioPlay":false,"sceneViewState":{"showFog":true,"showMaterialUpdate":true,"showSkybox":true,"showFlares":true,"showImageEffects":true,"showParticleSystems":true},"in2DMode":false,"pivot":{"x":-0.171502947807312,"y":2.829347848892212,"z":0.15818798542022706},"rotation":{"x":-0.019553469493985177,"y":0.9771717190742493,"z":0.18448834121227265,"w":0.10358574986457825},"size":0.762157142162323,"orthographic":false}