{"cameraMode":{"drawMode":0,"name":"Shaded","section":"Shading Mode"},"sceneLighting":true,"audioPlay":false,"sceneViewState":{"showFog":true,"showMaterialUpdate":true,"showSkybox":true,"showFlares":true,"showImageEffects":true,"showParticleSystems":true},"in2DMode":false,"pivot":{"x":-2.9836692810058595,"y":4.5904541015625,"z":2.3154613971710207},"rotation":{"x":0.29280340671539309,"y":0.41579896211624148,"z":0.14339885115623475,"w":-0.8490147590637207},"size":7.537923812866211,"orthographic":false}