{"cameraMode":{"drawMode":0,"name":"Shaded","section":"Shading Mode"},"sceneLighting":true,"audioPlay":false,"sceneViewState":{"showFog":true,"showMaterialUpdate":true,"showSkybox":true,"showFlares":true,"showImageEffects":true,"showParticleSystems":true},"in2DMode":false,"pivot":{"x":0.6194283962249756,"y":0.7455067038536072,"z":-1.2039551734924317},"rotation":{"x":0.0237771924585104,"y":0.9325318932533264,"z":-0.06247720494866371,"w":0.35485827922821047},"size":6.37074089050293,"orthographic":false}