{"cameraMode":{"drawMode":0,"name":"Shaded","section":"Shading Mode"},"sceneLighting":false,"audioPlay":false,"sceneViewState":{"showFog":true,"showMaterialUpdate":true,"showSkybox":true,"showFlares":true,"showImageEffects":true,"showParticleSystems":true},"in2DMode":false,"pivot":{"x":-1.1472519636154175,"y":-0.302640438079834,"z":-0.4373283386230469},"rotation":{"x":-0.06919597834348679,"y":0.31127750873565676,"z":-0.022730842232704164,"w":-0.9475266933441162},"size":3.660139322280884,"orthographic":false}