{"cameraMode":{"drawMode":0,"name":"Shaded","section":"Shading Mode"},"sceneLighting":false,"audioPlay":false,"sceneViewState":{"showFog":true,"showMaterialUpdate":true,"showSkybox":true,"showFlares":true,"showImageEffects":true,"showParticleSystems":true},"in2DMode":false,"pivot":{"x":-0.018750011920928956,"y":3.0158581733703615,"z":0.018750011920928956},"rotation":{"x":0.09091410040855408,"y":0.9059525728225708,"z":-0.2501439154148102,"w":0.32927486300468447},"size":4.580202579498291,"orthographic":false}