{"cameraMode":{"drawMode":0,"name":"Shaded","section":"Shading Mode"},"sceneLighting":false,"audioPlay":false,"sceneViewState":{"showFog":true,"showMaterialUpdate":true,"showSkybox":true,"showFlares":true,"showImageEffects":true,"showParticleSystems":true},"in2DMode":false,"pivot":{"x":-1.0,"y":1.1999998092651368,"z":-1.0506099462509156},"rotation":{"x":-0.16047661006450654,"y":0.4361569583415985,"z":-0.07936690747737885,"w":-0.8818856477737427},"size":6.260481834411621,"orthographic":true}