{"cameraMode":{"drawMode":0,"name":"Shaded","section":"Shading Mode"},"sceneLighting":false,"audioPlay":false,"sceneViewState":{"showFog":true,"showMaterialUpdate":true,"showSkybox":true,"showFlares":true,"showImageEffects":true,"showParticleSystems":true},"in2DMode":false,"pivot":{"x":699.7169799804688,"y":473.5111083984375,"z":3994.392822265625},"rotation":{"x":-0.02037581242620945,"y":-0.04556407779455185,"z":0.0009289353620260954,"w":-0.9987595081329346},"size":5177.69384765625,"orthographic":false}