{"cameraMode":{"drawMode":0,"name":"Shaded","section":"Shading Mode"},"sceneLighting":false,"audioPlay":false,"sceneViewState":{"showFog":true,"showMaterialUpdate":true,"showSkybox":true,"showFlares":true,"showImageEffects":true,"showParticleSystems":true},"in2DMode":false,"pivot":{"x":0.0,"y":1.763000249862671,"z":0.017999649047851564},"rotation":{"x":0.17373919486999513,"y":-0.15994399785995484,"z":0.028609879314899446,"w":0.9713070392608643},"size":6.939613342285156,"orthographic":true}