{"cameraMode":{"drawMode":0,"name":"Shaded","section":"Shading Mode"},"sceneLighting":false,"audioPlay":false,"sceneViewState":{"showFog":true,"showMaterialUpdate":true,"showSkybox":true,"showFlares":true,"showImageEffects":true,"showParticleSystems":true},"in2DMode":false,"pivot":{"x":-0.440151572227478,"y":2.30007266998291,"z":-1.9357585906982422},"rotation":{"x":-0.07449473440647125,"y":-0.13985542953014375,"z":0.010555209591984749,"w":-0.9873146414756775},"size":5.983283996582031,"orthographic":false}