{"cameraMode":{"drawMode":0,"name":"Shaded","section":"Shading Mode"},"sceneLighting":false,"audioPlay":false,"sceneViewState":{"showFog":true,"showMaterialUpdate":true,"showSkybox":true,"showFlares":true,"showImageEffects":true,"showParticleSystems":true},"in2DMode":false,"pivot":{"x":1.7768495082855225,"y":3.105088710784912,"z":-0.8775627017021179},"rotation":{"x":-0.10616984218358994,"y":0.8441607356071472,"z":0.18178239464759828,"w":0.4930356442928314},"size":7.612425327301025,"orthographic":false}