{"cameraMode":{"drawMode":0,"name":"Shaded","section":"Shading Mode"},"sceneLighting":false,"audioPlay":false,"sceneViewState":{"showFog":true,"showMaterialUpdate":true,"showSkybox":true,"showFlares":true,"showImageEffects":true,"showParticleSystems":true},"in2DMode":false,"pivot":{"x":1.4837415218353272,"y":-0.45898425579071047,"z":0.22119271755218507},"rotation":{"x":0.1293727308511734,"y":0.5494245886802673,"z":-0.08658701926469803,"w":0.8209207653999329},"size":6.115566730499268,"orthographic":false}