{"cameraMode":{"drawMode":0,"name":"Shaded","section":"Shading Mode"},"sceneLighting":false,"audioPlay":false,"sceneViewState":{"showFog":true,"showMaterialUpdate":true,"showSkybox":true,"showFlares":true,"showImageEffects":true,"showParticleSystems":true},"in2DMode":false,"pivot":{"x":0.23672309517860413,"y":2.628084182739258,"z":-1.0823179483413697},"rotation":{"x":-0.015271690674126149,"y":0.9750192761421204,"z":0.20996128022670747,"w":0.07092288881540299},"size":2.4707412719726564,"orthographic":false}