{"cameraMode":{"drawMode":0,"name":"Shaded","section":"Shading Mode"},"sceneLighting":false,"audioPlay":false,"sceneViewState":{"showFog":true,"showMaterialUpdate":true,"showSkybox":true,"showFlares":true,"showImageEffects":true,"showParticleSystems":true},"in2DMode":false,"pivot":{"x":1105.8275146484375,"y":536.1569213867188,"z":2155.614990234375},"rotation":{"x":-0.008397011086344719,"y":-0.017090270295739175,"z":0.0001444662339054048,"w":-0.999825119972229},"size":3634.797119140625,"orthographic":false}