{"cameraMode":{"drawMode":0,"name":"Shaded","section":"Shading Mode"},"sceneLighting":false,"audioPlay":false,"sceneViewState":{"showFog":true,"showMaterialUpdate":false,"showSkybox":true,"showFlares":true,"showImageEffects":true,"showParticleSystems":true},"in2DMode":false,"pivot":{"x":4.105441570281982,"y":1.6016530990600587,"z":-2.680346727371216},"rotation":{"x":0.009180890396237374,"y":-0.8779515027999878,"z":-0.01685020513832569,"w":-0.4783676862716675},"size":9.135497093200684,"orthographic":false}