{"cameraMode":{"drawMode":0,"name":"Shaded","section":"Shading Mode"},"sceneLighting":false,"audioPlay":false,"sceneViewState":{"showFog":true,"showMaterialUpdate":false,"showSkybox":true,"showFlares":true,"showImageEffects":true,"showParticleSystems":true},"in2DMode":false,"pivot":{"x":0.0,"y":1.475000023841858,"z":1.1920928955078126e-7},"rotation":{"x":0.036711983382701877,"y":-0.3147125542163849,"z":-0.012182616628706456,"w":-0.9483998417854309},"size":6.985271453857422,"orthographic":false}