{"cameraMode":{"drawMode":0,"name":"Shaded","section":"Shading Mode"},"sceneLighting":true,"audioPlay":false,"sceneViewState":{"showFog":true,"showMaterialUpdate":false,"showSkybox":true,"showFlares":true,"showImageEffects":true,"showParticleSystems":true},"in2DMode":false,"pivot":{"x":32.72584533691406,"y":2.047424077987671,"z":5.745208263397217},"rotation":{"x":0.036711983382701877,"y":-0.3147125542163849,"z":-0.012182616628706456,"w":-0.9483998417854309},"size":1.9834873676300049,"orthographic":false}